{
    "celebv_-eDeQp6hees_1.mp4": {
        "psnr": 28.057723999023438,
        "ssim": 0.8745028972625732,
        "lpips": 0.11385394829333922
    },
    "celebv_-_Bdf9C0SAU_2.mp4": {
        "psnr": 30.244455337524414,
        "ssim": 0.8604837656021118,
        "lpips": 0.06662882588754751
    },
    "celebv_-Z1lkcEEF_w_2.mp4": {
        "psnr": 34.033233642578125,
        "ssim": 0.9024456143379211,
        "lpips": 0.060730240646411075
    },
    "celebv_-edZKfoS2V4_3.mp4": {
        "psnr": 23.737882614135742,
        "ssim": 0.7780423760414124,
        "lpips": 0.17134092609141616
    },
    "celebv_-a-SZLSDFWk_3.mp4": {
        "psnr": 21.89657211303711,
        "ssim": 0.7632113099098206,
        "lpips": 0.10954250077861295
    },
    "celebv_-a-SZLSDFWk_10.mp4": {
        "psnr": 21.579408645629883,
        "ssim": 0.8620213270187378,
        "lpips": 0.08153997992889749
    },
    "celebv_-_Bdf9C0SAU_9.mp4": {
        "psnr": 31.611940383911133,
        "ssim": 0.8692586421966553,
        "lpips": 0.08161275635691399
    },
    "celebv_-_Bdf9C0SAU_3.mp4": {
        "psnr": 30.591228485107422,
        "ssim": 0.8541203141212463,
        "lpips": 0.08894652323901989
    },
    "celebv_-gJijfOCtzk_0.mp4": {
        "psnr": 19.73948860168457,
        "ssim": 0.7505532503128052,
        "lpips": 0.15900238471726577
    },
    "celebv_-_Bdf9C0SAU_1.mp4": {
        "psnr": 33.0706672668457,
        "ssim": 0.8843062520027161,
        "lpips": 0.06136016606945883
    },
    "celebv_-eaxiBHEa2A_0.mp4": {
        "psnr": 23.420137405395508,
        "ssim": 0.7872471213340759,
        "lpips": 0.11169322566403185
    },
    "celebv_-fRY1b6WAx4_2.mp4": {
        "psnr": 29.16208839416504,
        "ssim": 0.8793810606002808,
        "lpips": 0.10311850719153881
    },
    "celebv_-cH6TXrnSBM_2_0.mp4": {
        "psnr": 17.336462020874023,
        "ssim": 0.7743144631385803,
        "lpips": 0.11265751106297447
    },
    "celebv_-_Bdf9C0SAU_0.mp4": {
        "psnr": 30.823904037475586,
        "ssim": 0.8686359524726868,
        "lpips": 0.06302968894199627
    },
    "celebv_-dMBMU9FCQU_1.mp4": {
        "psnr": 26.508214950561523,
        "ssim": 0.7689573168754578,
        "lpips": 0.18130368663780932
    },
    "celebv_-b-EFcA7ing_3.mp4": {
        "psnr": 18.926273345947266,
        "ssim": 0.7426601052284241,
        "lpips": 0.14798019816710925
    },
    "celebv_-ZUSCZN6Fz4_12_0.mp4": {
        "psnr": 20.27056121826172,
        "ssim": 0.7070817947387695,
        "lpips": 0.15429783286128798
    },
    "celebv_-gJijfOCtzk_1.mp4": {
        "psnr": 20.184911727905273,
        "ssim": 0.7445515990257263,
        "lpips": 0.15840153672387092
    },
    "celebv_-edZKfoS2V4_1.mp4": {
        "psnr": 22.916860580444336,
        "ssim": 0.7577619552612305,
        "lpips": 0.1772782697367507
    },
    "celebv_-_Bdf9C0SAU_8.mp4": {
        "psnr": 31.882843017578125,
        "ssim": 0.8510279655456543,
        "lpips": 0.0632767595087338
    },
    "celebv_-fjqWncvnMM_0_0.mp4": {
        "psnr": 17.385059356689453,
        "ssim": 0.7337457537651062,
        "lpips": 0.16937140401397996
    },
    "celebv_-bubvE_areM_12_0.mp4": {
        "psnr": 18.29610252380371,
        "ssim": 0.72216796875,
        "lpips": 0.1999898354391759
    },
    "celebv_-eDeQp6hees_2.mp4": {
        "psnr": 26.802881240844727,
        "ssim": 0.8500497937202454,
        "lpips": 0.12700232184190946
    },
    "celebv_-cdk5mhKuWc_2.mp4": {
        "psnr": 36.324134826660156,
        "ssim": 0.9101158380508423,
        "lpips": 0.04697053339293211
    },
    "celebv_-_Bdf9C0SAU_7.mp4": {
        "psnr": 31.722518920898438,
        "ssim": 0.8509185314178467,
        "lpips": 0.07137438005686385
    },
    "celebv_-b-EFcA7ing_2.mp4": {
        "psnr": 21.181438446044922,
        "ssim": 0.7267459630966187,
        "lpips": 0.19442348495910042
    },
    "celebv_-dUYR2apxdA_0.mp4": {
        "psnr": 25.630401611328125,
        "ssim": 0.832848846912384,
        "lpips": 0.13644811128809428
    },
    "celebv_-b-EFcA7ing_4.mp4": {
        "psnr": 18.389291763305664,
        "ssim": 0.7221529483795166,
        "lpips": 0.15263095813301894
    },
    "celebv_-a-SZLSDFWk_4.mp4": {
        "psnr": 22.584026336669922,
        "ssim": 0.7243627309799194,
        "lpips": 0.1303366713995195
    },
    "celebv_-fRY1b6WAx4_3.mp4": {
        "psnr": 22.09650421142578,
        "ssim": 0.795415997505188,
        "lpips": 0.11418090420039861
    },
    "celebv_-b-EFcA7ing_1.mp4": {
        "psnr": 18.75078773498535,
        "ssim": 0.7476791739463806,
        "lpips": 0.12503255778617822
    },
    "celebv_-fRY1b6WAx4_0.mp4": {
        "psnr": 27.461769104003906,
        "ssim": 0.8486776351928711,
        "lpips": 0.12681207583939774
    },
    "celebv_-Z1lkcEEF_w_1.mp4": {
        "psnr": 27.543460845947266,
        "ssim": 0.9178329706192017,
        "lpips": 0.04285746161559863
    },
    "celebv_-b-EFcA7ing_0.mp4": {
        "psnr": 20.935142517089844,
        "ssim": 0.716587483882904,
        "lpips": 0.19743191841347466
    },
    "celebv_-hYcw2-bCGU_0.mp4": {
        "psnr": 20.772188186645508,
        "ssim": 0.817215621471405,
        "lpips": 0.060399184337080414
    },
    "celebv_-a-SZLSDFWk_9.mp4": {
        "psnr": 21.05999183654785,
        "ssim": 0.7298582792282104,
        "lpips": 0.1757947100506675
    },
    "celebv_-eDeQp6hees_0.mp4": {
        "psnr": 27.925676345825195,
        "ssim": 0.8763786554336548,
        "lpips": 0.11142650864099803
    },
    "celebv_-_Bdf9C0SAU_5.mp4": {
        "psnr": 31.977325439453125,
        "ssim": 0.874405562877655,
        "lpips": 0.05871759303221383
    },
    "celebv_-bDW55dxoCg_0.mp4": {
        "psnr": 29.5001277923584,
        "ssim": 0.8268457055091858,
        "lpips": 0.10634997215504959
    },
    "celebv_-ZxtmDbqDRc_0.mp4": {
        "psnr": 16.852256774902344,
        "ssim": 0.8303844928741455,
        "lpips": 0.09137149632311939
    },
    "celebv_-fRY1b6WAx4_1.mp4": {
        "psnr": 26.27712631225586,
        "ssim": 0.8084549307823181,
        "lpips": 0.1132083801797243
    },
    "celebv_-a-SZLSDFWk_8.mp4": {
        "psnr": 22.628747940063477,
        "ssim": 0.8367017507553101,
        "lpips": 0.08728096360431575
    },
    "celebv_-ZlL0LLfjKY_0.mp4": {
        "psnr": 20.396352767944336,
        "ssim": 0.6821039915084839,
        "lpips": 0.17191881651524454
    },
    "celebv_-eDeQp6hees_3.mp4": {
        "psnr": 26.10301971435547,
        "ssim": 0.8572034239768982,
        "lpips": 0.13420751733281236
    },
    "celebv_-bQLjUP0eRc_30_0.mp4": {
        "psnr": 14.319450378417969,
        "ssim": 0.5479888916015625,
        "lpips": 0.365594436118405
    },
    "celebv_-dMBMU9FCQU_0.mp4": {
        "psnr": 21.256668090820312,
        "ssim": 0.741033673286438,
        "lpips": 0.2354448677060452
    },
    "celebv_-bbrONQ5QPM_61_0.mp4": {
        "psnr": 15.135244369506836,
        "ssim": 0.5107450485229492,
        "lpips": 0.3914063662728843
    },
    "celebv_-edZKfoS2V4_2.mp4": {
        "psnr": 23.6895809173584,
        "ssim": 0.7799485325813293,
        "lpips": 0.15349880360974735
    },
    "celebv_-_Bdf9C0SAU_4.mp4": {
        "psnr": 30.69182586669922,
        "ssim": 0.8583495616912842,
        "lpips": 0.06727052676594919
    },
    "celebv_-a-SZLSDFWk_6.mp4": {
        "psnr": 22.854936599731445,
        "ssim": 0.8375166654586792,
        "lpips": 0.06357249629550747
    },
    "celebv_-bubvE_areM_5_0.mp4": {
        "psnr": 18.386028289794922,
        "ssim": 0.7465341687202454,
        "lpips": 0.11655517194935298
    },
    "celebv_-hRPipENHKU_22_0.mp4": {
        "psnr": 19.379650115966797,
        "ssim": 0.6393244862556458,
        "lpips": 0.22624020165075426
    },
    "celebv_-gI4Eslitok_26_0.mp4": {
        "psnr": 17.017051696777344,
        "ssim": 0.7340786457061768,
        "lpips": 0.16906527527853063
    },