{
    "celebv_-QNxYSDdpig_1.mp4": {
        "psnr": 21.70415687561035,
        "ssim": 0.8178885579109192,
        "lpips": 0.13041889540066845
    },
    "celebv_-3Bl8i34Z7Q_0.mp4": {
        "psnr": 19.378435134887695,
        "ssim": 0.7337973713874817,
        "lpips": 0.14663222132296097
    },
    "celebv_--xLdkFg5O0_15_0.mp4": {
        "psnr": 21.00162124633789,
        "ssim": 0.8385070562362671,
        "lpips": 0.08715706427669169
    },
    "celebv_-UN_9zUzyzQ_0.mp4": {
        "psnr": 29.24412727355957,
        "ssim": 0.8084664940834045,
        "lpips": 0.11038410524562212
    },
    "celebv_-DIn3MMNAKI_8_1.mp4": {
        "psnr": 20.03761863708496,
        "ssim": 0.8236521482467651,
        "lpips": 0.13400603639893233
    },
    "celebv_-BgZFaMJRxM_3.mp4": {
        "psnr": 21.924922943115234,
        "ssim": 0.8082005381584167,
        "lpips": 0.16365954482599215
    },
    "celebv_-APnDkqx5CA_0.mp4": {
        "psnr": 27.995325088500977,
        "ssim": 0.8137646913528442,
        "lpips": 0.1491626864704101
    },
    "celebv_-3KN7SSL51I_0.mp4": {
        "psnr": 28.097793579101562,
        "ssim": 0.8522539138793945,
        "lpips": 0.06547987696491868
    },
    "celebv_-TNv3yXWMvE_3.mp4": {
        "psnr": 27.643274307250977,
        "ssim": 0.8895875811576843,
        "lpips": 0.0547100035182666
    },
    "celebv_-37Mhsak-XI_0.mp4": {
        "psnr": 30.616165161132812,
        "ssim": 0.8855109810829163,
        "lpips": 0.07866072244292428
    },
    "celebv_-R5aAhsrS9w_3_0.mp4": {
        "psnr": 25.224796295166016,
        "ssim": 0.8627576231956482,
        "lpips": 0.082758338036598
    },
    "celebv_-Yv66guI87c_3.mp4": {
        "psnr": 30.92601203918457,
        "ssim": 0.9214213490486145,
        "lpips": 0.031043680016732505
    },
    "celebv_-M4uxt8uDI0_17.mp4": {
        "psnr": 20.063047409057617,
        "ssim": 0.8288273811340332,
        "lpips": 0.09950301893737037
    },
    "celebv_-2KGPYEFnsU_7.mp4": {
        "psnr": 24.207456588745117,
        "ssim": 0.8078052997589111,
        "lpips": 0.07931909809121862
    },
    "celebv_-ON8ZTCiuYo_3.mp4": {
        "psnr": 19.4907283782959,
        "ssim": 0.7786813378334045,
        "lpips": 0.155982632736365
    },
    "celebv_-HWkUQJjVrI_5.mp4": {
        "psnr": 27.52385711669922,
        "ssim": 0.8155649304389954,
        "lpips": 0.10359672094254117
    },
    "celebv_-1eKufUP5XQ_3.mp4": {
        "psnr": 25.078594207763672,
        "ssim": 0.8163430094718933,
        "lpips": 0.10903887616263495
    },
    "celebv_-1eKufUP5XQ_2.mp4": {
        "psnr": 28.984954833984375,
        "ssim": 0.8615744113922119,
        "lpips": 0.09154946265209998
    },
    "celebv_-2KGPYEFnsU_8.mp4": {
        "psnr": 21.984914779663086,
        "ssim": 0.8299059271812439,
        "lpips": 0.05074859893583989
    },
    "celebv_-9c782blnEw_7_0.mp4": {
        "psnr": 15.803382873535156,
        "ssim": 0.5993466377258301,
        "lpips": 0.27461141449115845
    },
    "celebv_-BgZFaMJRxM_0.mp4": {
        "psnr": 26.503942489624023,
        "ssim": 0.8576362729072571,
        "lpips": 0.0943081051774003
    },
    "celebv_-LCqZeb1de0_4.mp4": {
        "psnr": 24.22148895263672,
        "ssim": 0.8717048764228821,
        "lpips": 0.08746180334990775
    },
    "celebv_-OqSWAdUev4_0.mp4": {
        "psnr": 23.920440673828125,
        "ssim": 0.8173294067382812,
        "lpips": 0.061738403872228585
    },
    "celebv_-YysVuABIuo_10_0.mp4": {
        "psnr": 25.210603713989258,
        "ssim": 0.8440276384353638,
        "lpips": 0.09248181668353146
    },
    "celebv_-Ml5CYHG8KY_1.mp4": {
        "psnr": 22.682706832885742,
        "ssim": 0.7907292246818542,
        "lpips": 0.10169177694705786
    },
    "celebv_-7mzQx0ebqk_2.mp4": {
        "psnr": 23.086341857910156,
        "ssim": 0.8141883015632629,
        "lpips": 0.09834660613885174
    },
    "celebv_-T6FORUj1ZE_3.mp4": {
        "psnr": 34.44094467163086,
        "ssim": 0.9369683265686035,
        "lpips": 0.050760991454712655
    },
    "celebv_-QT_Af7RLjU_0.mp4": {
        "psnr": 27.842857360839844,
        "ssim": 0.8097929954528809,
        "lpips": 0.10569723793550541
    },
    "celebv_-SZTNQUbug4_3.mp4": {
        "psnr": 23.266828536987305,
        "ssim": 0.7206956744194031,
        "lpips": 0.1252574628343185
    },
    "celebv_-YKboJG0xdo_79_1.mp4": {
        "psnr": 23.727245330810547,
        "ssim": 0.883529007434845,
        "lpips": 0.08513886805934211
    },
    "celebv_-HWkUQJjVrI_4.mp4": {
        "psnr": 24.91008949279785,
        "ssim": 0.837976336479187,
        "lpips": 0.0835148402608481
    },
    "celebv_-AI5G6G0hEw_10_0.mp4": {
        "psnr": 15.178130149841309,
        "ssim": 0.5524999499320984,
        "lpips": 0.23489389697025562
    },
    "celebv_-Ii3Pr3YZC8_34_0.mp4": {
        "psnr": 19.062210083007812,
        "ssim": 0.7359934449195862,
        "lpips": 0.15799849122033818
    },
    "celebv_-ON8ZTCiuYo_2.mp4": {
        "psnr": 24.88690757751465,
        "ssim": 0.8210905194282532,
        "lpips": 0.10557202361839807
    },
    "celebv_-DXQJLwDAwg_0.mp4": {
        "psnr": 24.41283416748047,
        "ssim": 0.8415639996528625,
        "lpips": 0.07877106336273358
    },
    "celebv_--Jiv5iYqT8_2.mp4": {
        "psnr": 27.18087387084961,
        "ssim": 0.8659325838088989,
        "lpips": 0.08795321903698429
    },
    "celebv_-WbsnXGKkIg_2.mp4": {
        "psnr": 28.680564880371094,
        "ssim": 0.8683095574378967,
        "lpips": 0.07672331135365225
    },
    "celebv_-5be_UPkLRw_3.mp4": {
        "psnr": 24.678680419921875,
        "ssim": 0.8068376183509827,
        "lpips": 0.13296134359038927
    },
    "celebv_-SZTNQUbug4_2.mp4": {
        "psnr": 26.345861434936523,
        "ssim": 0.7788482308387756,
        "lpips": 0.08062950278196586
    },
    "celebv_-YKboJG0xdo_68_0.mp4": {
        "psnr": 24.643918991088867,
        "ssim": 0.8961031436920166,
        "lpips": 0.07439400035425695
    },
    "celebv_-Gl5WpzbgYo_42_0.mp4": {
        "psnr": 20.0158634185791,
        "ssim": 0.755974531173706,
        "lpips": 0.16500652578399808
    },
    "celebv_-XP8vXcJtXo_36_0.mp4": {
        "psnr": 21.333770751953125,
        "ssim": 0.8347808718681335,
        "lpips": 0.09121973006656085
    },
    "celebv_-5be_UPkLRw_1.mp4": {
        "psnr": 26.293275833129883,
        "ssim": 0.8513882160186768,
        "lpips": 0.0999505655711581
    },
    "celebv_-YKboJG0xdo_43_0.mp4": {
        "psnr": 26.89287757873535,
        "ssim": 0.9377989172935486,
        "lpips": 0.026103600968083698
    },
    "celebv_-Gl5WpzbgYo_33_0.mp4": {
        "psnr": 19.790985107421875,
        "ssim": 0.8073445558547974,
        "lpips": 0.15258042595814914
    },
    "celebv_-YKboJG0xdo_81_1.mp4": {
        "psnr": 24.088502883911133,
        "ssim": 0.9107344150543213,
        "lpips": 0.042220285879555106
    },
    "celebv_-YKboJG0xdo_44_0.mp4": {
        "psnr": 26.830020904541016,
        "ssim": 0.9045594334602356,
        "lpips": 0.05193584762229067
    },
    "celebv_-HVeBPmYqAM_66_0.mp4": {
        "psnr": 21.58627700805664,
        "ssim": 0.7944734692573547,
        "lpips": 0.19022564764224714
    },
    "celebv_-2KGPYEFnsU_9.mp4": {
        "psnr": 23.08051872253418,
        "ssim": 0.7758383750915527,
        "lpips": 0.08287591648101807
    },
    "celebv_-H6l6-_elF0_2.mp4": {
        "psnr": 30.264389038085938,
        "ssim": 0.8885012269020081,
        "lpips": 0.08078209730200202
    },
    "celebv_-GstWCRrVdk_5_0.mp4": {
        "psnr": 16.359432220458984,
        "ssim": 0.6015435457229614,
        "lpips": 0.2713857399510969
    },
    "celebv_-YKboJG0xdo_35_0.mp4": {
        "psnr": 24.34724998474121,
        "ssim": 0.9136908054351807,
        "lpips": 0.05810899865763212
    },
    "celebv_-CbziyatGOA_29_0.mp4": {
        "psnr": 14.45190715789795,
        "ssim": 0.5825665593147278,
        "lpips": 0.20373086170293392
    },